"id","sector","region"
"750d48a0-9c7e-40f1-bafb-ec4131cced1f","Abaar","Mid Rim"
"192e6766-2114-4ec6-a9ff-6f4ce58bb713","Abrion","Outer Rim"
"51935856-7a2e-4019-9158-00b5c1388052","Adari","Inner Rim"
"ffd2ef15-763a-4ac1-97c7-b207a36ee674","Ado","Mid Rim"
"496e63e1-2068-48ae-9ce5-97dc411fc4dd","Agarix","Mid Rim"
"c63913af-bbd5-4c33-94e1-4ac31bfb4a8d","Aida","Mid Rim"
"4846b6ff-e19b-4a75-a081-88412c7a6155","Airam","Outer Rim"
"5328d82c-a53b-438a-8557-78d72e047091","Airon","Inner Rim"
"d9941fed-420f-4e6c-b9c1-6c09617c368c","Albanin","Outer Rim"
"cc88c0ac-f8e2-4599-a4d1-abc681a04dd7","Albarrio","Outer Rim"
"3fb121c6-0ecc-444b-8aad-cdd6f8b7bc34","Alchenaut","Expansion Region"
"0c818fcc-1ae9-411c-a9c8-f17654db0c5b","Alderaan","Core Worlds"
"5b4232fd-dc7b-4d5d-839f-fbb33404f3fd","Alderath","Mid Rim"
"42df1650-5789-4af4-b1df-bcc920043c37","Aldino","Mid Rim"
"c7daf850-74d3-4cae-a161-b8239e8d8db6","Allied Tion","Outer Rim"
"6f0f7cbb-85a0-4c76-820f-d1c9a64feb50","Almak","Mid Rim"
"c229d086-0790-4b99-b388-54c23a4aab2c","Al'Nasrl","Outer Rim"
"76d6c571-a2e2-467f-b3f5-8ee1c886421c","Alsaka","Core Worlds"
"4c5755dd-9776-4aeb-bb3d-5acf00aeb8a0","Altier","Expansion Region"
"b079eb48-038b-4fbf-996b-9adeca8f3be3","Altier (Ombakand)","Expansion Region"
"d1df81fb-de51-4653-835a-a4f6a1935b27","Alui","Mid Rim"
"465c2cb8-f1ab-4b4d-9290-0d1b6e41b04c","Andirma","Expansion Region"
"d7278c19-6315-4660-a1b7-92cfe037ff83","Annecy","Expansion Region"
"e46f5431-dde0-46d5-a3c2-481a1f17d0e9","Anoat","Outer Rim"
"3f5f3387-722c-4e49-b210-10c4fb2287a0","Antemeridian","Outer Rim"
"4999d0b0-7a27-468c-a8d1-025f1dbf901f","Anthos","Inner Rim"
"79a44976-87a9-428d-b271-74bd07511f0f","Aparo","Outer Rim"
"0482b5d2-baca-4f91-80b4-aac28d5add3c","Aparo (Catarlo)","Outer Rim"
"60deb02f-3bac-4d4e-bc8e-deddbc1b8e27","Ara Dyelle","Inner Rim"
"c9c6278b-efbc-4784-82b2-a712d5a095cf","Arboo","Outer Rim"
"251a5fc0-9590-491d-8219-736acdf44ab3","Arc d'Stot","Expansion Region"
"4fc6899d-d37a-4d89-b2ba-aaca8c299de8","Ariarch","Mid Rim"
"5c9d984e-ec8b-4cef-8292-827a7ba51045","Arkanis","Outer Rim"
"884bda22-77a4-4bf1-a144-e6a6c99e0843","Ash Worlds","Outer Rim"
"b00b7569-1177-47c8-8f3e-3871ce75a065","Ash Worlds (Batonn)","Outer Rim"
"7966dc30-4cd3-4d6a-9c89-7f4226d407ad","Askarian","Expansion Region"
"2ef38c34-92d2-4a95-9a9c-cbd397e1fbd3","Astal","Outer Rim"
"c88a158e-f1ca-45b0-ad19-71080ab9374a","Athallia","Expansion Region"
"19b1efb0-57b5-4be3-8e41-49325a05c8b1","Atravis","Outer Rim"
"fd9f49c4-cd22-43df-8523-c758e9458ee1","Atrisian Commonwealth","Core Worlds"
"7ac0dabe-df70-4cca-b377-800996aa638e","Atrisian CW","Core Worlds"
"b8dcc258-69aa-4ff7-a661-66e1a1dfb245","Atrivis","Outer Rim"
"81d3ec02-946e-494e-9568-c89bef8e5724","Auril","Outer Rim"
"d0edb2b4-8c88-4c80-b0d3-5d872c35ef88","Authala","Expansion Region"
"780ef998-28c1-4d42-8553-0817988e5f5f","Axion","Expansion Region"
"97bc5968-4b22-499d-af38-fbaeeba072bd","Azure","Core Worlds"
"07b48b53-b18c-4876-960a-fdbdc79b8db2","Bajic","Outer Rim"
"dfcddffa-007e-49ac-9e30-6a127c260ffd","Bakura","Outer Rim"
"43f3208b-f5ad-4737-b5b2-fe99d806ca64","Bamula","Inner Rim"
"0efd07d4-aa74-408e-9d94-d6d47c8e5042","Barma","Colonies"
"d129e3ab-cd13-49ba-a63c-cf3fe704d238","Baroli","Expansion Region"
"2968490f-0b68-4f19-bc06-1a563f687fb3","Baronos","Colonies"
"09713dc4-f8ea-4b57-91d8-023d0f9a9fc5","Barsa","Mid Rim"
"cc6cbe04-f3cc-476f-aa05-9562ffaa642a","Bartahn","Inner Rim"
"cb4bb074-1379-4e12-84c9-b17cadf71eb2","Baxel","Outer Rim"
"d2a072de-05ed-4f1c-af77-0547826a7ce3","Belasco","Expansion Region"
"ddc5f2a4-1bf8-426b-b9e6-9826ca19dcfe","Belderone","Outer Rim"
"15930b15-11e1-4da2-bd68-a463a73aa8cd","Belmsuth","Outer Rim"
"7846ea7d-59f4-4072-830c-bc01f6997c9d","Belnar","Colonies"
"4b152a27-8ba4-4e40-9347-eb5ed6c56226","Belshar","Mid Rim"
"be25d472-b4c0-4e2b-b143-6791d8bfe95e","Belsmuth","Outer Rim"
"86f15132-dfe8-4729-9d8f-abbb79ee7cc8","Bes Ber Bikade","Expansion Region"
"2eafa9ae-81b8-4f9a-9c67-01cb03db9aad","Bheriz","Outer Rim"
"5f20a4e4-1ab5-4548-976b-541878ab2566","Biivren","Expansion Region"
"32dee1a5-7987-4106-9c26-707d2d47708f","Binarran Cloud","Colonies"
"d2e440b5-f8d5-4985-9723-2f68240bc1ad","Bitrose","Outer Rim"
"ed28ff96-f6f9-4805-a098-ef6068308721","Boeus","Expansion Region"
"c9878ae0-bc57-4b1f-bf23-3bf7d6a0668d","Bon'nyuw-Luq","Outer Rim"
"7c4efbb5-672f-4a5c-a64b-33296a030c75","Bormea","Core Worlds"
"8967b06e-203b-46da-83e5-92cd09a582f0","Bortele","Mid Rim"
"7aafb629-ced9-475c-b180-548540fd83ec","Bosph","Outer Rim"
"798b63b0-2399-4e51-953d-f7054c95c057","Bothan Space","Mid Rim"
"77af608c-eed5-4016-aa7c-876b0821de9f","Botor Enclave","Core Worlds"
"204e4f1f-9d87-47e0-9898-85377eeaf2ac","Bozhnee","Outer Rim"
"90a02b9a-8c3a-4879-ac58-99bbb9af18d1","Brak","Expansion Region"
"2c80724a-1de0-4982-85b2-946094200fde","Braxant","Outer Rim"
"d774ab09-faf3-4cc4-9068-485f1e67e9a7","Brema","Outer Rim"
"e85c07d9-9b78-4ecf-b6e0-5510613643e3","Brema (Reithcas)","Outer Rim"
"946c312b-1598-4b40-8121-f3a0a15965ea","Brevost","Expansion Region"
"938a0788-7318-4d3f-9e58-9dc7b623bbcc","Bri'ahl","Outer Rim"
"99a18ae8-16dc-4f80-83ec-4302c3e2d822","Bright Jewel","Mid Rim"
"9e50e508-53f7-4422-bcf7-54d8a5905892","Bruanii","Mid Rim"
"5babf3cb-0f2c-439a-857d-fb7a25b8d131","Bryx","Mid Rim"
"b21961c3-000f-4c50-9a3e-1c3b4c8fea40","Cadavine","Outer Rim"
"14a7ae8f-00e1-4b75-bd8b-8327090446d0","Cademimu","Outer Rim"
"f1f3e4f8-47bc-4dfe-874f-0c456ac60acb","Cadma","Outer Rim"
"a6ba008b-ce1d-47c4-8b4d-183f591db018","Calamari","Outer Rim"
"b5eba673-1d46-4474-af6f-69658f0de8af","Calaron","Outer Rim"
"683cf528-1703-4fb9-afa2-c53c87225fa0","Callia","Inner Rim"
"727336af-8ce6-4561-8431-87701deba026","Candoras","Outer Rim"
"a6ce3e69-8b38-4375-a72c-38486cb31b46","Cantons of Lahag","Expansion Region"
"68568c3a-d905-4a3b-9a01-c5d201c142af","Carrion","Outer Rim"
"03630618-3b7b-479d-b13b-746f1c65341b","Carvandir","Expansion Region"
"384a6512-400d-431c-b5e4-e35e594715d5","Cassander","Outer Rim"
"4c2f7934-32d7-4f5b-be82-604ff157b527","Cassander (Tadrin)","Outer Rim"
"f8b2c067-4948-443c-8ef8-d09c4af057cf","Cassander (Tendrannan)","Outer Rim"
"02185cdf-7940-435e-9b3f-be9c1f2e329b","Cegul","Outer Rim"
"f9ff0547-b171-4f43-9107-e135d8537391","Cegul (Tadra)","Outer Rim"
"90f59e4d-5e12-472a-8766-0379bee3962f","Centrality","Outer Rim"
"4de498ac-b6c5-45c4-8305-fce14b61bff4","Chaama","Mid Rim"
"c68f8d3d-2513-4ce9-9125-096de2ef6dd8","Charra","Expansion Region"
"011f6e17-fb54-4cfc-b828-1880a022beaf","Chaykin","Expansion Region"
"04df7b79-a9ee-4f9e-bf40-f86c9d04afda","Chiss Space","Unknown Regions"
"10bcdfce-3c4b-4aee-a070-83ef61042267","Chitargahr","Expansion Region"
"377d14bc-d8cf-46f4-b516-ce68ade15e7f","Chitargarh","Expansion Region"
"ec9d4937-eb1c-4267-94f1-19b9c472d94e","Chitarghar","Expansion Region"
"29730871-3324-4e74-9d9a-56dab9d7e428","Chommell","Mid Rim"
"b90a9c4a-ed6e-480a-b5c9-02edb312b010","Chopani","Outer Rim"
"a80a1452-0098-47f7-9637-3349c1566278","Chorlian","Outer Rim"
"6ec70495-dd5a-437c-8d0b-1766437be132","Chrenthoa","Inner Rim"
"1e4f41f4-acdd-45ad-aad4-1fb874d202e4","Churba","Mid Rim"
"41d46237-60c6-4e14-930e-a89f8ac0b66d","Churnis","Mid Rim"
"974984f5-8e85-43fe-b608-8c80b4b5ed2a","Circarpous","Expansion Region"
"223039ff-d6b3-492d-a3d8-db00b736c4ef","Citlik","Expansion Region"
"deb6f9b4-7049-4975-8c44-b7308297f2a1","Ciutric","Outer Rim"
"81f1d404-46c8-4bac-8362-3e59e9877140","Clacis","Outer Rim"
"3cbec45a-49f3-4be5-a262-88015baf585e","Colundra","Outer Rim"
"78311129-cc09-4ca4-9b6c-a0cb00c8c1a7","Corbett","Mid Rim"
"c91ee9da-7e62-4831-a8d0-62130d01d3a0","Corellian","Core Worlds"
"ecd52227-d6d4-443d-bd67-79becaa027e4","Corosi","Outer Rim"
"8508c5d7-aeac-42fb-a6f2-c91667374605","Corpheli","Expansion Region"
"5f94a7cc-b21d-4e6f-a422-8111423d7db4","Corporate Sector","Outer Rim"
"025c5c80-8e10-4762-bd21-b3f7ee5e396d","Cor'ric","Outer Rim"
"13412e77-5c97-44c7-82e0-5ce6cbe2fa35","Corridan","Core Worlds"
"6864902f-4f54-4b97-ba80-9051dd32ed49","Corthenia","Mid Rim"
"22a628b0-0880-4459-abb5-363050bd3552","Corusca","Core Worlds"
"277444c4-1034-49e5-9051-16c2461e1b30","Corusca (Coruscant)","Core Worlds"
"abc931ab-c329-48de-a8ba-b1922d4656fb","Corva","Outer Rim"
"da232eb8-903d-46d0-a4be-b2697d0e8584","Corvair","Inner Rim"
"d0faa284-b144-4ff8-b75f-9139d1276353","Corweillian","Mid Rim"
"e17c65b7-d1ca-4b32-9f1c-b7b1ebe5091a","Cosian Space","Deep Core"
"af953b58-38aa-41cf-bb8a-8694908dea5f","Couronne","Expansion Region"
"2ccdde8e-bb94-4c4b-a848-6c7e9ac93f21","Cronese Mandate","Outer Rim"
"6b800ae8-c33a-42ec-a0da-514ad5f4402e","Croynar","Inner Rim"
"da948d1d-494f-4925-a3db-83fe85c2ca10","Cyrillian Protectorate","Expansion Region"
"bcdbe536-081d-4f32-a7ef-24153130b0a8","Daalang","Mid Rim"
"361dbc30-86f9-4c4f-bb0d-517e2f2f39a5","D'Aelgoth","Mid Rim"
"c89b00d4-696e-49ed-86dd-6d28430cd99d","Dail","Outer Rim"
"d763739c-f486-483f-a905-7ffecb5c76f4","Daimar","Mid Rim"
"d519c8ea-75b4-47e5-987e-8f09de6274a5","Dalchon","Outer Rim"
"493ff49d-f56f-4e25-aebc-04cb409dde1b","Dalicron","Outer Rim"
"41db1777-21ea-49a6-a65e-a720347a71e1","Dalmar","Mid Rim"
"265f11d3-903b-4add-8411-97861d933b87","Dalonbian","Outer Rim"
"d64ce75b-cff4-41f0-815a-b3498a71671b","Dalqan","Expansion Region"
"fe4672df-d2b7-4201-8fbc-56a038c599ea","Danjar","Outer Rim"
"41b87642-1a97-4778-8500-d89f02b75261","Dantus","Outer Rim"
"125c7650-a5ae-4cd1-badf-742d0938d160","Darlonn","Inner Rim"
"bee01cdf-d067-4871-89a7-2feba6333831","Darpa","Core Worlds"
"d1c259d3-ede1-49c9-af91-efcfe1f54194","D'Astan","Outer Rim"
"871abc1f-3bbb-4e8e-a400-1609083e3829","D'Astan (Samarine)","Outer Rim"
"6ba7c5cd-06cf-4eac-b69b-1008b507b62d","D'Astan (Valahari)","Outer Rim"
"7ab3cfb0-f330-47c3-9184-58976548a60a","Daupherm States","Core Worlds"
"2f0799de-69b8-4df9-a829-0a3d68038bc2","Deadalis","Expansion Region"
"f0128ba2-3c9a-4014-9552-26544d9a3064","Deep Core Security Zone","Deep Core"
"2e195dce-f0ac-48f0-8902-65e18f92a373","Demetras","Outer Rim"
"0e8ade67-e952-497c-af1d-0e5a89b3b0ae","Demophon","Core Worlds"
"faf9a3d6-53d0-4d0d-b7a3-74d527e5a7b5","Dentari","Expansion Region"
"5aa2d8e8-4798-41b2-9aef-b5b19db1e248","Dimean","Expansion Region"
"ee5002c5-87ea-4cb6-9584-b7b5f920b358","Dohlbani","Mid Rim"
"0a7db597-8bf8-4660-85dc-4f09119a8fba","Dohu","Mid Rim"
"382496f9-6395-4b85-8f8c-07a0f68d47c3","Doldur","Mid Rim"
"5e74340d-a2c5-44c4-a506-f0a3619886c6","Dolomar","Core Worlds"
"92d091e5-5eac-4e37-8e68-3c68d29fb220","Dona Laza","Expansion Region"
"6c7b7b91-d5ad-4d78-a4f3-d3236ee5f11b","Dononter","Mid Rim"
"6ba51638-aba4-4dc9-b25a-69694efa11c6","Drannik","Expansion Region"
"c9467c73-b183-49ab-93c1-b6350123f920","Droma","Mid Rim"
"a184233c-57d9-4c95-b315-ba4eb7973dac","Druess","Mid Rim"
"9ec2df92-670e-4236-8d28-b4cc18891597","Dufilvian","Mid Rim"
"cf328470-2879-4532-9c78-a71ae3b7ca16","Duluur","Colonies"
"02ae77eb-e60e-42a6-a486-c5641abe8478","Duro","Core Worlds"
"65e00556-d427-445b-82b8-c35c2bf59782","Dustig","Mid Rim"
"b0721104-9b76-4484-8b0e-8fa594c5466c","Dynali","Outer Rim"
"2146022e-28db-48d8-b7b3-31c95731320e","Echo","Inner Rim"
"2ce33024-aae7-4d1c-84af-d45c4b1e60cf","Eclorar","Mid Rim"
"a76f4b39-062f-4a53-8787-adb383394641","Ehosiq","Expansion Region"
"82fabde6-2441-4e93-8d85-801c1a50af9f","Eidoloni","Mid Rim"
"c72dba11-9bbf-4ed0-9ec9-21d9b8a84919","Eislomi","Inner Rim"
"5d6b22e1-4c4c-46c8-bc9e-e3c145f1e394","Elbaran","Mid Rim"
"a66d7abf-9ad8-4b26-9123-8d3503b98c1a","Elochar","Mid Rim"
"9c652d51-5cf9-4648-afef-159b01d3317b","Elrood","Outer Rim"
"c2adcc11-6072-4f50-ba95-37e9b6a56a01","Elus","Inner Rim"
"0b231c59-c93c-45a5-8cbb-a0453d034ad6","Emmo","Core Worlds"
"93a29a70-f463-4ea3-8abf-5d7b2dba3407","Endocray","Mid Rim"
"a3356daf-86d6-4bb1-83af-ca24391d2cf6","Epsi Collective","Expansion Region"
"9ad22994-6d9e-4851-b598-2204cc8e729c","Esaga","Mid Rim"
"c9a2f291-99cc-41b1-aed0-ec5b4fdd33e6","Esstran","Outer Rim"
"08af295f-acdd-418f-9f69-84c771a3a22f","Esstran (Sith Worlds)","Outer Rim"
"e2c04aec-f9a0-4a39-acd6-d2e60fc7301a","Esuain","Mid Rim"
"77fb99d6-b9af-43b8-b7b1-61ea19bc7735","Ethav Regions","Wild Space"
"1f98c258-ce59-4919-b502-af6d86619d9e","Eucer","Mid Rim"
"3e504308-2716-4f9a-b7c3-1824f00cd793","Extorin","Expansion Region"
"ca6f1238-e83c-48e4-8d64-94910205b8d8","Fakir","Colonies"
"4df68838-5b3a-4a85-8dc6-6a9b2b1a049f","Far Xandil","Mid Rim"
"8732750e-0d38-4d9a-9d2d-58c1998568ac","Farana","Wild Space"
"668de703-5c53-4e57-9f32-b61b435c3f7a","Farlax","Core Worlds"
"f0d56d3c-879c-43dd-803f-3a66c7aa0042","Farrfin","Core Worlds"
"090d2007-854f-4a82-bd9d-12b3e4580eb5","Farstey","Expansion Region"
"54fb5efd-ee57-461d-a3f4-ef5c18405501","Fath","Outer Rim"
"4ef31c10-c0ca-4638-9fdc-ba4dda2b7c89","Faultheen","Inner Rim"
"5cb06979-828f-44e1-b9b9-15f0f31710b4","Fei Hu","Mid Rim"
"16161863-a55a-4fd8-af1a-5bbf8ed4edf0","Fellwe","Expansion Region"
"23026cc7-8e05-45f1-bfea-9b99ef9f252e","Ferra","Outer Rim"
"e790099b-987a-4a18-ad05-dd591af10228","Firefist","Unknown Regions"
"8c395097-d268-4c71-b562-b34d08282546","Free Trade","Outer Rim"
"6ecf2222-6f4b-43b8-9a39-747e50f0d514","Galov","Outer Rim"
"958afdf6-0826-41a6-abaf-3640edc8d542","Gardaji","Outer Rim"
"54da99ec-2e5f-46c1-a013-94a4c269c811","Garis","Outer Rim"
"d3211a90-7285-4254-ba1f-ff02fee93957","Garwian Unity","Unknown Regions"
"a2d2cb88-1919-437c-af90-142e996d362c","Gaulus","Outer Rim"
"32e70c00-a48b-486f-b221-295b4a656361","Gaulus (Ryloth)","Outer Rim"
"206dd1c4-b630-4c7c-9064-74d79d3880f7","Gendius","Mid Rim"
"63ed1e5e-1608-474a-a7c9-47b7d9de3482","Ghost Nebula","Expansion Region"
"ccb33a25-df18-4536-890a-b2d04277c7d0","Glythe","Mid Rim"
"bbf80cd7-bb5a-4057-86a1-1efb7fdeed5b","Gomar","Inner Rim"
"7247907c-babd-4469-b5f3-6a61981c0c11","Gordian Reach","Outer Rim"
"c3cd1614-93c1-4925-8447-60b0e6c2ea08","Graador","Mid Rim"
"624e16ce-4150-4178-bef8-7cfb793bb243","Great Agash","Expansion Region"
"cbb54507-562a-4ed1-9ab4-734b59890650","Greater Plooriod","Expansion Region"
"45b5210e-1408-42c1-a12c-65bc60df48f9","Grohl","Outer Rim"
"5df67a52-fec6-4109-8cb6-efe49d07d326","Grumani","Outer Rim"
"69fae5b6-8c76-413c-86a8-c890f6671897","Guagenian","Inner Rim"
"c75eeedc-456c-4c8f-9b46-a80169beaf99","Hadar","Mid Rim"
"980e7af4-11b5-4241-9fa0-91970be6ff68","Hakartha","Expansion Region"
"5012ec99-f52b-498e-80d1-33a50c97bf1e","Haldeen","Colonies"
"b3dfbf0f-642c-4ee0-98a3-53afe044aab9","Hali","Expansion Region"
"15cc6aa0-743b-4a35-9c89-6964dc6e625c","Halla","Mid Rim"
"8ab216b0-78b7-4927-bfe8-bf4375a24c24","Halm","Mid Rim"
"63287b43-8cf2-4930-8288-8fc03f93d05e","Halori","Mid Rim"
"c91b98b2-6bf3-45d1-b5e9-3c9696392c43","Halthor","Outer Rim"
"884f3bb7-4f38-42e0-9d5a-a31ccba49824","Hangshan","Expansion Region"
"0e7d57d2-7615-4c2f-8e4c-fe49c4dd89e3","Hapes Cluster","Inner Rim"
"f4479f2a-50bb-4b3e-8bd8-2d09cad9723b","Har Worlds","Expansion Region"
"864dbcb8-38c5-48f0-a1a1-58d6d9616f4d","Har Worlds (Stennes)","Expansion Region"
"f9a6bbf2-e8f0-460e-a2dd-1a9bf20f1031","Harrin","Inner Rim"
"e000269f-0b7d-43ac-9a71-c8b453025be0","Harron","Expansion Region"
"62e31bd0-ec14-430d-b63b-b6edefe4e188","Harron Marches","Expansion Region"
"20dbf388-7b31-44e5-a00e-9003a293b114","Haserian","Mid Rim"
"678ec933-bf8f-4f1f-8567-45d9cc16197d","Hatawa","Core Worlds"
"b2a1b3da-1055-48be-b386-3b8bb6c149c3","Herdessa","Mid Rim"
"08e594ab-ba5f-4f3e-8319-423ca26435a8","Herglic Space","Colonies"
"d5ca785f-bf44-4012-b858-84c105f1cdc7","Herios","Outer Rim"
"eba8bb17-854d-434b-b9f1-ba77c76cb4b7","Hertae","Mid Rim"
"be241bdc-6bb1-4fca-a6e6-f3cf050f5718","Hevvrol","Mid Rim"
"5207c70f-db49-48d7-8e62-6c104e1f3f2b","Hewett","Mid Rim"
"347ca693-7e15-40cc-ac76-3ed6ec0978db","Hijoian Space","Expansion Region"
"3b58aae6-204d-404b-9748-ce5248f442d9","Hilo","Expansion Region"
"dac36666-4476-4451-a78f-97482470d277","Hocatar","Expansion Region"
"45cc3c2a-9d42-4fb6-b735-17e610e83992","Hollan","Mid Rim"
"76311661-d9d7-4cf9-bb8f-4f098e3a45c2","Homon","Mid Rim"
"f00cc315-71ef-4726-b28c-ca0230020203","Hook Nebula","Outer Rim"
"b3312c91-2261-4a0f-b8e3-01cd33c3bbc9","Hosnian","Core Worlds"
"8483456a-0a55-4e24-979c-9b45076e9aa9","Humbarine","Core Worlds"
"72418f2f-9faa-42c0-9f04-d4dcd4ff36d9","Hune","Mid Rim"
"e094624d-b5e9-4309-928d-e7771fd5d2f7","Hunnoverrs","Outer Rim"
"87427e8a-8cd7-4055-a3c2-e806a401a2e7","Hynestian","Colonies"
"11a6d61a-8764-4837-9016-b1ef3b9c90f9","Hythrope","Expansion Region"
"1e1f79b8-b7d6-47a6-9091-c7719626570a","Illisurevimurasi","Outer Rim"
"ab3ef2ba-93e6-488a-b435-b8122932308a","Illodia","Core Worlds"
"c0f469e7-a252-444d-ba0c-ef7d99439b46","Imberlin","Expansion Region"
"f63a981c-fd56-4ad3-93ed-357ab78a38ca","Immalia","Expansion Region"
"75e92d20-b02c-4f09-884e-738fe046b231","Immeria","Expansion Region"
"b0a3df8a-4fc7-42b7-a097-64c3f87a5cb6","Immerian Outback","Expansion Region"
"29e1a25d-7aa7-48fd-9910-d75d64455153","Indra-su-Mar","Expansion Region"
"597b80b6-c08a-4211-ac99-8c93b2f7a971","Indrexu","Outer Rim"
"c8756219-e118-41d9-addd-c762e5ec6ef5","Inner Cluster","Inner Rim"
"38f2902d-5d35-4d46-a4dc-121ecc5be0df","Instrop","Outer Rim"
"ea6c0a75-f276-48f9-b89b-71f5d02313a8","Irishi","Mid Rim"
"34c7ec61-3871-4e19-98a7-20667844647c","Irnaj","Mid Rim"
"376d122a-6bf3-49e2-9b8e-239ccd2f91d9","Iseno","Inner Rim"
"84922829-91be-41cc-aa69-d6a57a361942","Iska","Mid Rim"
"02b752f0-f1ca-4b41-b1fc-ba1ea32deb35","Iskin","Mid Rim"
"358a9c40-ad12-429b-a530-b692b7fcc96c","Itopol","Expansion Region"
"8992c8da-0cec-487e-9221-9bab7347bb2a","Ividal","Mid Rim"
"72d6568d-4bb3-4bef-a862-74644de08039","Ixtlar","Core Worlds"
"e5be993a-da77-4aab-9a71-355d846215a1","Jalor","Mid Rim"
"112e6110-a255-4381-86d9-65972b1b05cb","Japrael","Inner Rim"
"a815a7d4-0edc-40e8-8481-012e74d778be","Jaso","Inner Rim"
"45875e9c-7143-454a-b4d8-3c57992add7f","Javin","Outer Rim"
"e42d1262-6d81-4e5f-b937-4c526780c386","Javin (Anoat)","Outer Rim"
"c9092c53-7dc6-4ae7-8b6a-fcd5f6cac277","Javin (Yarith)","Outer Rim"
"752e3b25-7aa7-437a-8469-dce64433ce14","Jidlor Marches","Mid Rim"
"d1b69ed9-6ba6-4c9f-a996-1105a14e5c62","Jjannex","Outer Rim"
"394b41e3-7232-49a1-a334-7509007394ce","Jospro","Outer Rim"
"04ff53d0-b582-4fae-991c-46c31f267481","Jubilar","Outer Rim"
"ac276642-b836-4e3b-87ac-0b162dbb3235","Jubilar (Kartovian)","Outer Rim"
"940deca8-6c46-431a-b48e-987cd8bb6480","Juris","Outer Rim"
"fd7f7b30-bdc6-4256-baca-97d687da6c28","Jurzan","Expansion Region"
"4a01621e-99ba-46af-bf0b-b7f685c6dcac","Juvex","Mid Rim"
"65459716-8dd2-498c-91d1-384b24f3a354","Kadok Regions","Wild Space"
"08d44b88-77ef-40ea-9939-d09a3b4936bb","Kailion","Expansion Region"
"629eaae3-0a15-471b-bfa1-62e5f08f3f08","Kalakan","Inner Rim"
"19cb7913-a1f5-48b0-b517-464fcd6d5c73","Kalamith","Outer Rim"
"90c9119e-3f24-4309-9ff0-e1c3131e1189","Kalamith (Mirrin)","Outer Rim"
"f3992253-e6d7-4177-aa94-76e96a4756e5","Kallea","Outer Rim"
"5c379cf4-693b-40ec-b2e3-21d85794a0c0","Kanchen","Core Worlds"
"5a496658-f0de-4bd5-8aaf-096c6f05454e","Kanz","Outer Rim"
"a4cff33b-9144-43d1-be2a-19d99f73f908","Karthakk","Outer Rim"
"5cd16c30-82b9-4b93-bcb3-0cd697fbd4b2","Kastolar","Mid Rim"
"d830638d-272c-4b4b-8e8e-7fb0ae4f979b","Kathol","Outer Rim"
"9953f111-924c-4184-b60e-c14fa5930ea0","Kathol (Outback)","Outer Rim"
"d6acb9a8-8e98-4a34-9f46-675764b65f43","Kathol (Rift)","Outer Rim"
"5c5e8631-98e4-4e56-8e1d-efa275c44c29","Keldrath","Outer Rim"
"941e8e37-683a-4987-8a26-046586438b31","Kesh","Mid Rim"
"0f4ae9d7-c434-4469-963c-f6a34e69607d","Kessel","Outer Rim"
"ed839deb-607c-481d-b6a6-79e52bb7c135","Khuiumin","Outer Rim"
"d175b49f-2417-4473-897f-c404ccc37d90","Kibilini","Outer Rim"
"1d1c2fcd-c3a5-4a66-a3c9-167d9ff73523","Kiffu","Inner Rim"
"744eba5f-3ebc-4d69-beb7-e322cdd72c33","Kilbanis","Colonies"
"a5794327-4701-4b08-aa62-43353b0e4f42","Kira","Expansion Region"
"2f47d2b6-c2a3-4554-8799-2b4de248f879","Kliap","Colonies"
"1ac3d260-fe4f-4400-a6ae-f2ace95e947a","Klina","Outer Rim"
"962f7cae-11b9-47e8-8640-6b70ec3ec272","Kobothi Space","Outer Rim"
"3f4ef5eb-1b72-4b3b-b1a8-e1b9ffad1ff6","Kokash","Core Worlds"
"1998ac42-2230-41e7-8cd1-3b4136cb7d31","Kontahr","Mid Rim"
"20c17e75-6001-4fa2-b323-daf8c1dabeb3","Koradin","Outer Rim"
"2a41381b-e612-4f54-90a8-1c72651c54e5","Kordu","Mid Rim"
"0fddc5d8-3bf4-41f2-8667-85f0b416ab8c","Koros","Deep Core"
"e5fdc252-a369-43b0-8c60-3603dd06e88f","Kossa","Expansion Region"
"54b3e726-21eb-464e-9690-62e4199bb548","Kossa (Kossa Prime)","Expansion Region"
"e976e107-0f13-420c-932b-ebbbdeb6f747","Krenher","Core Worlds"
"b28ffdf3-62ec-4f72-a05e-2f1006920ca4","Krenhner","Inner Rim"
"cc9c8028-154c-4542-8213-84d66927d053","Kriz","Outer Rim"
"7c6cc869-3721-4179-8d22-093fba308dbc","Ktilac Regions","Inner Rim"
"aa81cc8d-65bb-4cec-a563-a3f5fe213a7f","Kuat","Core Worlds"
"146cde83-54b0-4799-ad75-e36d5cb1cec3","Kurost","Mid Rim"
"04898bc0-d93f-4ace-ad15-0e2f266bd796","Kwymar","Outer Rim"
"dea23a71-93b0-4708-8956-8e886432da8d","Lahara","Outer Rim"
"54471919-3fbd-4e80-a988-5f6f97623918","Lambda","Mid Rim"
"8cbff72a-4fad-4407-a950-66830960787c","Lannik Space","Mid Rim"
"453af79a-7155-4749-8879-125828603784","Lannik Wilds","Mid Rim"
"8d465357-b3ca-429c-86e6-772622dd0a09","Lantillian","Mid Rim"
"3b5717d9-7468-4f7c-818c-046321a906cf","Larrin","Inner Rim"
"43075e04-857b-4f4b-a671-4c0086ec9c6d","Lifh","Mid Rim"
"11a69c43-124c-4be7-a680-842909a49f8e","Likasha","Mid Rim"
"58cdbeb0-d104-45e0-95f7-c87dc9781e9e","Lioaoin Space","Unknown Regions"
"c36bc221-c173-4f23-a7d8-161a840b1943","Lixal","Inner Rim"
"8f34ab44-3656-4167-8df3-3bcce36fad9f","Locris","Expansion Region"
"e646540a-9f91-4491-978d-bcda80faa261","Lol","Outer Rim"
"aa762191-848a-4645-b5fa-6f5485339bb0","Londori","Mid Rim"
"caf87b20-2699-4bf7-95d4-951477cda3dc","Lostar","Expansion Region"
"56505890-9625-43ac-93a0-37aab12d45ed","Lothal","Outer Rim"
"a9399b7a-abac-43ee-868f-2ee66c3c0966","Lothal (Dominus)","Outer Rim"
"04d69f14-bd0b-424c-ace1-9a97b4f10e60","Luuq","Mid Rim"
"e2e0c0da-499a-4772-a635-fc55efe8735e","Lytton","Core Worlds"
"23382b46-6a75-4837-ba54-283e50ad2355","Maerdocian","Mid Rim"
"17cb3e10-5132-4bb8-84a7-15618f72de70","Majoor","Expansion Region"
"1991bc05-2900-447a-8f0e-dc523e0d07c8","Maladi","Expansion Region"
"5df0a489-0a76-4740-b275-54c460499f91","Maldrood","Mid Rim"
"57e1ae7b-3b0f-4858-b637-030203073001","Manda","Mid Rim"
"eada2bdb-5b30-4edb-9c2a-701fcdc486dc","Mandalore","Outer Rim"
"0663fe11-a7d3-4f88-9bfc-5d7752f9799b","Manoe","Mid Rim"
"84bf46e5-4872-4251-bb04-e133d57e56ce","Maraqoo","Mid Rim"
"e70bf9aa-1263-4840-9bd6-f351ab0e6168","Marasa Nebula","Inner Rim"
"24208a21-3da9-4376-97eb-827c22e87f89","Marcellus Nebula","Outer Rim"
"abdf03a2-9026-4543-9789-5a160eecef69","Marcol","Inner Rim"
"a31cdf49-ef31-4fff-945a-08202a6a5e4b","Marzoon","Mid Rim"
"dfc0267f-32db-4907-8b7f-908f75dcab46","Masla","Mid Rim"
"78b70fd0-0383-4c62-8acc-0d6b07da4340","Mayagil","Outer Rim"
"4a201d98-3ee2-4b2a-8a3d-cacb7b1f2e4b","Mbandamonte","Expansion Region"
"7a611a48-feef-4250-9aa7-b911558b02d8","Meerian","Outer Rim"
"348528d0-329e-4f23-9853-40fe61b79c96","Mektrun","Mid Rim"
"83a31be5-8de5-4d30-bf93-5fb9791f3e4d","Mephout Dominion","Wild Space"
"40b22b96-a9c5-410e-a3c9-a7de380d39b3","Meram","Outer Rim"
"51da976b-d9c4-4b9e-b9e5-af96a80b2f67","Merel","Outer Rim"
"18c134ac-cbcb-49b8-925d-f0826ba61116","Meridian","Outer Rim"
"02b90ab5-954b-407b-a63a-6d05e1d992c7","Merrick","Inner Rim"
"840f474b-2712-4a2a-94d3-1c20825bd012","Merthian","Expansion Region"
"e81e6b68-cbd0-4d9a-8eca-893b6bcc89df","Mestani","Inner Rim"
"8f580a1a-1262-4052-8a40-e24e1f668112","Metagos's","Outer Rim"
"4236c52a-050d-4d74-9b70-b55b933d0ca7","Metatessu","Mid Rim"
"25e19255-1033-43f4-a393-8081e0d090b7","Mezeg","Mid Rim"
"8af1dbc8-3ad9-45df-bd06-81c3cde67330","Mieru'kar","Outer Rim"
"6468298d-8521-46e2-8659-ee49c24679cd","Mikaster","Expansion Region"
"90e83827-cfe7-49c4-9a4f-22cc1fd4b225","Minos Cluster","Outer Rim"
"83106b54-7b54-4d42-b1a9-8de9c963f011","Minyavi","Mid Rim"
"a54e58a2-fac7-4751-bff7-6cbe20c597bd","Mondress","Expansion Region"
"c7b92e56-fb33-4e40-b7d1-c5b895e387d8","Montitian Grant","Expansion Region"
"f9ac75e3-f754-4d96-bac7-7593f8cd5378","Morellian CW","Wild Space"
"39ea48f9-f3c7-4bac-a8d9-443ecb789724","Morobe","Colonies"
"aaf1fd54-5f55-4ae6-b959-f495cd181dda","Morshdine","Outer Rim"
"1492ede2-c969-4c46-a4f5-f2f37e963e10","Mortex","Outer Rim"
"3c4e122f-d2ff-4106-a181-0433d844c5b8","Mortex (Almanian)","Outer Rim"
"7891d14d-5015-47ba-892a-5e589e85f7b6","M'shinni","Mid Rim"
"1feff152-e40c-4ae1-8eb0-97d5eb3dc968","Msst","Mid Rim"
"7db9137d-36ca-4134-b4ca-fd8e042995b5","Mulgard","Mid Rim"
"e29a3883-32ab-4241-a21e-4a1130532700","Mulgard (Hallu)","Mid Rim"
"6acd3237-9bc1-493a-bd40-9e0e4c573785","Mytaranor","Mid Rim"
"905afa02-d568-4682-8685-f5f64df30deb","Myto","Outer Rim"
"7b708570-8586-4628-9feb-96773842a822","Narrant","Mid Rim"
"56072357-9b6a-407a-bc58-2bc2b211e512","Narvath","Expansion Region"
"e36a6ab3-6c1b-4f0a-a579-c5b91763a835","Nembus","Outer Rim"
"42782687-422c-42ee-a7f5-5cf34910ea4c","Neshei","Expansion Region"
"06372cb6-53e1-40af-b15f-de413399f7fe","Neshig","Inner Rim"
"8c02d90a-9172-4f1e-8a5c-e3ece5cf02c3","Nicandra","Mid Rim"
"8d688546-56b9-460e-9938-61d9e0c04d27","Nijune","Outer Rim"
"4745f993-9a3a-4d86-9509-cd2cdeabb78a","Nilgaard","Outer Rim"
"e150841d-f72c-41f2-983f-0d2d1828533b","Niuri","Outer Rim"
"cfece47f-149f-4c69-a24a-b232739f9272","Nojic","Expansion Region"
"5ad67907-60bd-4222-a65d-3fe9718d24ab","Noolian","Mid Rim"
"6dd04087-12ab-43a4-ae40-051a916d1132","Noonian","Outer Rim"
"22e6462f-4e64-4e97-9420-bedf66b10016","Noori","Expansion Region"
"11e03d2f-b312-42bf-9906-f391072117de","Nouane","Inner Rim"
"42f67e64-5c48-4138-86f2-2cbdb0622238","Nuiri","Outer Rim"
"6dd5c93f-9228-4cd3-9b17-300e6175bfa7","Null Zone","Expansion Region"
"20cc7843-8bfd-47d7-9e2e-72cb1c5e6205","Numesira","Mid Rim"
"bd591be2-5892-44e3-acb0-40d196126064","Nuon e Safyd","Expansion Region"
"8a1ef68e-f6d7-4385-a739-7804d53b3ea6","Nythlide","Inner Rim"
"9ba9dddf-5d3c-4ae8-9afd-a50ce87798d3","Obtrexta","Outer Rim"
"582354fd-9e3f-4977-89ae-690e9f9874f1","Oeiros","Expansion Region"
"a483bf0f-2499-48cb-9a48-0c81c7d8d77d","Ojoster","Outer Rim"
"e4372654-635b-4dbe-97a7-7397496380de","Ojoster (Taris)","Outer Rim"
"67eff44f-f005-4528-8427-a18fff87ae51","Oktos","Mid Rim"
"20abd16b-0cfc-4409-88bb-f6d63b594144","Ollonir Boundaries","Colonies"
"c25bfa3a-924f-47b7-a9b3-5f02f80e23ee","Ombakond","Expansion Region"
"b9a8d386-3c6b-4823-b852-b8fc36929e78","Onatos","Mid Rim"
"d54ea345-da64-4c1a-9a5b-906b740a645d","Oplovis","Outer Rim"
"362276ac-fd7d-445b-9688-d39fa9fc764c","Oricho","Outer Rim"
"3fdc40ce-ab94-45b6-aa49-f3ad0c1a19ba","Oriolan","Mid Rim"
"27b3fb8a-79a1-4bb7-82bf-22078ec355dc","Orus","Inner Rim"
"6ade2416-d446-4163-aca9-42839a2e4385","Ottega","Mid Rim"
"0c7415dd-82db-4e64-9b44-536fbd05ede8","Outer Jalor","Mid Rim"
"326a0e16-9d1d-47a8-bdf7-032e824fc402","Paataatus Hiveborn","Unknown Regions"
"dd181dc9-3f08-481c-a423-4bd1c98ed478","Pacanth Reach","Outer Rim"
"24d43914-c52d-4ad9-a756-5d042beb3066","Paccian Governance","Unknown Regions"
"a532b268-2c16-4ae1-8114-cd91ba99697f","Pacor","Mid Rim"
"21c2da70-41e5-4063-9618-9fe59b62c3ae","Pakuuni","Outer Rim"
"8f0eef12-a499-40db-b78c-3e430dd79dcb","Palamut","Expansion Region"
"43e7f1d7-032a-4de7-b6e5-3023b11c7833","Pallis","Inner Rim"
"4662716f-a595-42c7-b651-f4250575f9ff","Paqwepori","Mid Rim"
"5d911952-5529-4189-b203-26911e78822b","Parcelus","Expansion Region"
"cff423b8-8d7d-4cb4-b515-cb22d86542d8","Parmel","Outer Rim"
"eb394874-63fa-43e3-aafb-348bbcb49849","Parmic","Outer Rim"
"270a64bd-2e2b-49a5-a609-a3c418dee43f","Parmorak","Core Worlds"
"03c89bc5-12b9-4ed8-a4c9-7c6321afc4c1","Parnabe","Expansion Region"
"1d7d7600-1304-47bc-bbe0-25025184b6c1","Pelgrin","Outer Rim"
"51fb3fc3-e33c-4917-8cc1-98098478053d","Perinn","Outer Rim"
"c53d200b-edd6-4800-98ef-f22867e3de17","Perkell","Mid Rim"
"2fcf8c93-e7e8-4a49-aeea-437b369815cb","Phelleem","Outer Rim"
"1b9ec5e5-51f6-4cf6-9e44-91b77841219d","Phelleem (Colunda)","Outer Rim"
"fbc31eab-01b5-4292-8474-c042d5a28146","Piryn Shar","Expansion Region"
"4e7eb998-de06-4e12-92bd-f733149c7918","Ploo","Expansion Region"
"602f6b61-52e1-490e-a303-ce7ffe3e4ff8","Portmoak","Outer Rim"
"eabd4bfa-444a-41ad-813a-74a054fbca41","Prackla","Expansion Region"
"a775c37e-6380-4e73-9fbb-ae75241e5229","Praxlis","Core Worlds"
"89a0b100-dcf1-4f32-aca0-7f48e7275cb2","Prefsbelt","Outer Rim"
"5fd8a9cb-d8f3-4856-b9f9-1b5b90119dff","Primtara","Mid Rim"
"5930c171-be75-4448-a69f-17a1cd12cb12","Qiilura","Mid Rim"
"f209f498-6938-4130-9f09-ad5f5d2b593a","Quanta","Core Worlds"
"2775ae61-bff3-4d5e-9c25-62abc17b9755","Quelii","Outer Rim"
"bf4fb7ce-206a-40b8-af68-247f85741c8a","Quellor","Colonies"
"ec969058-45d7-4c27-9daf-d21f5126caea","Quence","Outer Rim"
"968c5b48-a3fa-40f9-8abb-1a3aba56e805","Quess","Mid Rim"
"d8886b38-3d5b-40ba-a3be-b6009cccbde0","Questal","Core Worlds"
"f152f517-f21d-45ed-bcbf-d3740d90ce17","Quiberon","Outer Rim"
"ceef35ce-8766-420f-92e4-bacbd05d1592","Quohag","Inner Rim"
"62589df4-3afc-4b23-a982-ce78e7254263","Rachuk","Colonies"
"d75d2e75-fc0f-43fd-a3a4-594d7dee2b31","Rago","Mid Rim"
"2446d814-50f8-4cc3-afbc-5c69a3aacb86","Raioballo","Outer Rim"
"718a5ad5-9191-412c-bc22-900908f7a657","Rayter","Outer Rim"
"109c56be-7048-4f1c-9c69-2125a6b62b55","Rayter (Berenge)","Outer Rim"
"d75379d9-1482-4238-97ca-c282f08f4dc2","Regani","Inner Rim"
"380fa907-ce22-4181-b7ef-43cba7e077ef","Relgim","Outer Rim"
"cd47217b-4596-4c9b-ba60-a9de3f3fb147","Rocantor","Expansion Region"
"6238a970-42f8-428d-9cf8-5c2cabf4fb6d","Roche","Mid Rim"
"8f41b371-f482-489c-8e13-3da25c9634ae","Rolion","Outer Rim"
"a0bff01f-903a-4544-8d73-74b9f47a1ebe","Romintine","Mid Rim"
"adcdd186-929b-4313-becf-c5125a5186cc","Rseik","Outer Rim"
"d9aacf79-93ce-4452-a533-b36e4247293a","Ryborean","Expansion Region"
"62d29b12-8721-4d70-9f71-2733f1de5fef","Ryndellian","Mid Rim"
"24020e54-d9e9-4c1a-b5e2-ff713d743926","Saijo","Outer Rim"
"2104c9d9-b741-438a-bedb-0b57a82c2a1b","Samix","Outer Rim"
"0f5090ad-2210-4226-a98e-03db6e25e75e","Sanbra","Outer Rim"
"995dd8e4-bece-4b46-8e58-028703931cc8","Sarin","Outer Rim"
"84456661-ce26-4608-8bdb-eb420c06b433","Sarka","Mid Rim"
"1ec588be-be8e-454a-a38d-45115cc545b0","Sarla","Expansion Region"
"34f3abb4-6440-4b89-b122-d4082a8c715d","Savareen","Outer Rim"
"09bfd0a1-a957-4c50-834c-69f76b654b11","Seitia","Outer Rim"
"91b4bb2a-c1fc-4269-8516-e40d6d23c056","Semagi","Mid Rim"
"11286ec4-785d-4013-8a63-9d33cb6b16a4","Senex","Mid Rim"
"64658f52-f783-47e0-af64-be2336a6c8b3","Sepan","Expansion Region"
"d39f8c8e-e758-4dee-a6d3-f5b31e1b4607","Serathrace","Expansion Region"
"bce35967-2de4-4184-a768-7ecce5284985","Sern","Colonies"
"03d9da24-8f71-45aa-b577-52c0437eaff3","Sertar","Outer Rim"
"ff01dcdd-ea45-4170-9101-71a5014a450d","Sertar (Mahrusha)","Outer Rim"
"d6b26d8f-c1af-4911-9de8-3c42d37d180c","Seswenna","Outer Rim"
"338bd42d-aa48-44b9-847b-d963f306dab6","Sevastol","Mid Rim"
"a2bd8473-ea25-47e6-b69b-c013cb7d6109","Sevetta","Outer Rim"
"f53c68c1-c0a3-47ef-9381-c2c91fbb2ffa","Shadola","Outer Rim"
"57531666-ddb3-448d-8182-641b57a5a2dc","Shasos","Colonies"
"6c8aed65-bb80-4b2e-8d33-343beacb5b9b","Shataum","Inner Rim"
"986d4cee-068e-456d-b239-105923d357a1","Shelsha","Colonies"
"0273a8bd-2c15-4b1b-be5a-d2e49fccf20b","Shiwal","Mid Rim"
"3b63d9b2-744a-4f1d-80df-594eb30faf60","Shwuy","Colonies"
"f5d57504-61f3-43ef-a22d-b52ba56d6f4b","Sith Space","Outer Rim"
"88faf9d8-d469-4634-86b2-c088dfcec901","Skine","Outer Rim"
"00f43bb6-d7da-4882-8583-12f9438c0004","Sloo","Mid Rim"
"ab539de9-c7f4-4f8f-8347-c791318d5160","Sluis","Outer Rim"
"24631cdb-a28f-41ff-a595-d45b6b7d214d","Sombure","Mid Rim"
"7946fe8e-95bc-467f-bfd8-86b1a4989916","Spadja","Outer Rim"
"8b170f37-0a4d-4610-9bb1-07c5a04b6096","Spinward","Outer Rim"
"42939e9a-c427-41df-8bef-ac05d4b1ab53","Spirva","Mid Rim"
"75d0ac82-67b2-4414-ad16-fea4f0c0a63f","Sprizen","Outer Rim"
"62717a8b-7ed4-415c-a316-6382751b2772","Ssi-ruuvi Space","Unknown Regions"
"f7f4ce4e-3e4e-42b9-87c6-e4cd749c598a","Steniplis","Outer Rim"
"852ebce3-28fd-4ec4-8714-a7ce122a61de","Stensen","Outer Rim"
"b38cec4c-4751-4520-a5f5-6a38036c7952","Strabin","Mid Rim"
"75c6b125-d356-499f-ad0b-66c741ca0438","Subterrel","Outer Rim"
"4e32745b-b7d1-4eb1-9d21-f8fb41dbe985","Sujimis","Outer Rim"
"666b9246-1e16-4344-abb7-f5af2531b603","Sumitra","Expansion Region"
"2358263f-164c-45a0-b889-228cff132583","Suolriep","Outer Rim"
"0434b082-f2fd-4492-bc00-6bafa0d18093","Suolriep (Ansuroer)","Outer Rim"
"4f0f7cf4-a453-479f-9661-860d22ed0d88","Suolriep (Iotran Expanse)","Outer Rim"
"c89f3210-3564-4054-8302-3aff77e18e34","Surron","Expansion Region"
"6ac7a37d-d96f-481d-9336-51f74ecc9ab7","Svivreni","Outer Rim"
"915b423a-e473-4a09-87bd-7c572dfc445f","Tacuni","Expansion Region"
"14341510-cdf7-48b2-bc3c-b8d58c2d2e21","Tagge Space","Core Worlds"
"d27ee0a4-7bd0-4128-a3a4-ae1f3f38e291","Talcene","Mid Rim"
"c3a00ea1-85f7-49ab-bbe2-bdca0e4d437d","Taldot","Mid Rim"
"b971a4d7-d37d-4d55-85d3-ecba5e50b981","Tamarin","Outer Rim"
"7efe3972-c26d-4c7b-88ff-78412b0a63d8","Tammuz","Outer Rim"
"0edaca2e-ffcb-4923-8c47-7cc8d1b26617","Tandon","Mid Rim"
"4456d65f-78b2-418f-82d0-ca2965633efd","Tangenine","Core Worlds"
"dcd6814e-8167-4c17-a6c6-3e3ca56c84b1","Tantra","Outer Rim"
"01e4026a-6160-4e04-82f4-3bb48670f8df","Tantra (Methall'has)","Outer Rim"
"72fdbac1-0ec2-4584-a4d1-7d7eb02bd315","Tapani","Colonies"
"09800f8e-01c5-4d52-9d07-b681805d9434","Tarabba","Outer Rim"
"13cfcfc8-1dc4-4ab0-ad76-7a98dc3dc9da","Tashtor","Mid Rim"
"d1f435c9-6b70-46f2-9873-faed210c0903","Tennuutta","Mid Rim"
"40977ba7-2692-4114-be97-4af376158057","Teraab","Mid Rim"
"f7e53e85-7a6b-43fc-8b12-c0428fae06a2","Terrabe","Mid Rim"
"5ce336a9-522a-44f8-ac02-04f890643324","Terr'skiar","Mid Rim"
"a30b91e5-712c-4d33-bc32-aafd4afa60a0","Testarr","Core Worlds"
"d8f4c38e-8fad-4a32-b085-2a6f0c3a2a82","Thaere","Expansion Region"
"07f52a23-d5fc-436d-a506-8ba7b49c8bc9","Thand","Expansion Region"
"4fdc3441-4e50-4b20-8170-c4eeba4afe0c","Thanium","Outer Rim"
"eb601c24-e72f-497f-b3ae-70a8f668e7be","Tharin","Outer Rim"
"f56ba6b7-86cb-4260-bbcf-b8e9e9e00fd5","Tharin (Divis Arm)","Outer Rim"
"870cd655-7ddb-4814-b177-55c8c5f8d2c6","Tharin (Karstaxon)","Outer Rim"
"7962ee89-f3d0-44a2-bc88-1e5bc2aec6f7","Tharin (Periphery)","Outer Rim"
"13e3baa7-b501-499c-8212-52ef5dcb5f48","Thesme","Outer Rim"
"959991e2-3965-4586-b3e5-5e4e182b73ac","Thory","Mid Rim"
"ad14a6dd-8a35-4d2f-8dba-0b51d2db75b7","Thrasybule","Outer Rim"
"994ab653-29ea-446e-ba0d-353efbffe066","Thuldin's Grant","Expansion Region"
"48b416a3-cb04-4f01-b212-f7650aedd066","Thuris","Outer Rim"
"f34d0cdf-bf0e-474c-891b-5e8cfb77203d","Thusa","Mid Rim"
"868081fd-bcae-4e14-b5c7-7b8f08fcfeb7","Tiala","Mid Rim"
"fbbd07c0-566f-4b37-8139-197846e6d5f1","Tion Hegemony","Outer Rim"
"f56d9fbc-5fa0-463e-bea2-2fb4d8b7c27c","Toblain","Outer Rim"
"f792bc40-56be-40f3-be2d-0d4970a92290","Tokamac","Expansion Region"
"9f98abc8-08bf-4883-9d4f-7937844ecdff","Tolemses","Expansion Region"
"d741c307-5155-4323-82ff-9cfa5fad3266","Tolonda","Outer Rim"
"af9232fe-302b-48eb-833d-ff4a3bb48279","Tonnis","Inner Rim"
"b40e6986-2e6c-43df-b3dc-3cfffac9fe50","Torch Nebula","Outer Rim"
"96351bfc-324c-4c33-a73e-d99c1bb67df3","Torranix","Core Worlds"
"540d5b09-3cc1-4cff-b4ac-ed5a80a05bac","Tower Dimension","Unknown Regions"
"2f043046-fde2-4d06-9f64-036245276273","Tragan Cluster","Outer Rim"
"eb1d62c8-845b-45b9-9622-b18f2a8eabc9","Trailing Grant","Expansion Region"
"4ad29e71-97ca-4d5f-905f-2d8ee3c51726","Trans-Gascon","Mid Rim"
"d48cc414-ecb5-4c35-b460-5e6036190e1f","Trans-Jardeen","Expansion Region"
"47394274-7827-42f0-b030-5afc1316d26d","Trans-Nebular","Mid Rim"
"8cca3a9d-de22-421c-9200-dafd92faa064","Trans-Vulta","Mid Rim"
"cf9325d7-adad-4b7f-ae35-b4afa545ba5a","Trax","Mid Rim"
"34a62f17-f70e-420f-881f-b87bafe77ba3","Treffani","Expansion Region"
"0192c1d3-5e52-4c38-9741-d7294fc5fd77","Tregillis","Expansion Region"
"facb1e40-d51d-49ee-9428-e892263748d7","Trestis","Expansion Region"
"83f28427-55cf-44e8-80f0-3479f777533d","Trianii Space","Wild Space"
"cf1d76e7-13e1-4290-aa73-34200d68baed","Trilon","Outer Rim"
"663c25dc-6e63-4795-b1e1-9b16b45635b4","Truum","Mid Rim"
"f938bf08-b2cf-4834-a4ec-17c1dd41efe0","Tungra","Outer Rim"
"f6dbf791-5966-456c-b1b1-06fb4d10169d","Tungra (Fand)","Outer Rim"
"e6d91a9b-5c5c-405a-b4f6-745a2dd1e986","Tunka","Outer Rim"
"f082fd41-ed88-436f-91cc-f6bc70093481","Tyan","Mid Rim"
"52602814-a545-447e-879e-35042ed84642","Tynna","Expansion Region"
"573b3d60-e0c4-46af-aa80-3502a00a1c85","Tynquay","Outer Rim"
"e4ee64d2-b3af-4564-92c6-bc0dff7d460c","Tyus","Mid Rim"
"9e3bb605-c3c6-4180-9975-6f782a527796","Uoti","Core Worlds"
"28fc79f8-8f9c-4c35-9640-35cbf88c2306","Urce Space","Mid Rim"
"3a67c40a-7c2b-4202-8f51-373cf075e7d2","Va di Gult","Mid Rim"
"1bf6393b-434f-464e-8661-554bbfea4210","Vak Combine","Unknown Regions"
"2b98badb-e4d2-4d03-9d0f-234abbe46dec","Valtava","Inner Rim"
"4d158246-0e85-4319-bc52-65c821940d2f","Vannell","Core Worlds"
"29c3a703-560d-40cb-b5a7-a3cb37a9be0a","Var Hagen","Mid Rim"
"ebd4cedd-8346-4cbc-b48f-cc0bbd295307","Varada","Outer Rim"
"42c0849a-2f1f-4b30-8cf4-602078198a55","Vardoss","Expansion Region"
"bfb9caa2-407f-47ac-9895-c65faf347c9f","Varvenna","Colonies"
"3bb0db03-6d2d-428c-834c-2c41c2ff5a57","Vatha","Expansion Region"
"7a803307-0a51-443c-9058-016928de77fa","Velcar","Outer Rim"
"19ab86b0-fe24-42a9-bd01-1021e11a7902","Venaarian","Mid Rim"
"7d579170-72e0-4bf6-b186-31a5ab7e9a84","Vendusii","Mid Rim"
"05407ca7-35d7-42ba-8290-8786fb3f4c84","Vensensor","Expansion Region"
"33fc00ec-a2a4-4b8a-add5-f848df45c8eb","Vensori","Mid Rim"
"7ac7cb05-d632-45c2-8a60-4d3cce3674ab","Venzeiia","Expansion Region"
"53bb8a4d-1a9d-4267-ba21-78d345b948f4","Veragi","Outer Rim"
"9c11051d-7485-489e-9c10-44ed6871c9dd","Veragi (Gree Enclave)","Outer Rim"
"70dcabdb-20e3-471a-bc39-407d5f97ff08","Videnda","Outer Rim"
"1f868791-12fd-40be-abfd-6fb925897e23","Vilonis","Mid Rim"
"a607d7c2-b413-4e46-8176-32e602cbbc2a","Vish","Mid Rim"
"7602cbb0-62e6-4ad7-ac17-d0366bfebe05","Vorc","Mid Rim"
"83b53a0d-9bee-4912-868c-026c9103c86b","Vorzyd","Outer Rim"
"28f65d30-f63e-417d-812d-3aa51028fd97","Vulcusion","Expansion Region"
"7145ab39-6303-468e-8492-4a1eebafa720","Wazta","Outer Rim"
"5a65f6a6-6e1b-44bc-950a-08af28430b7b","Weemell","Core Worlds"
"18dd7e9b-0c14-49c1-9cce-18d466989415","Weneen","Outer Rim"
"77302cfd-3fb3-4f37-9a52-4e381a197983","Wentrion","Inner Rim"
"6279555e-aa19-4179-8c14-954079c6318d","Woostri","Expansion Region"
"b0bcb4ad-612b-4429-bae2-06afd933e9f7","Wornal","Mid Rim"
"efdfe00a-ab38-42d2-9072-7282e6a01e30","Wyl","Outer Rim"
"c00094af-db14-4190-afaa-805a687bc8d9","Wyloff","Colonies"
"2d176cea-6f03-4f50-beb5-e6c762316e27","Xan","Mid Rim"
"77d8d791-cd67-4827-b716-52dc136047a5","Xappyh","Outer Rim"
"ea78ba8e-d97a-4426-95cf-837a45451968","Xappyh (Morlana)","Outer Rim"
"4c55d3f4-3a1c-43ed-965e-a100483a01ee","Yataga","Expansion Region"
"81058aca-aad3-4d77-9e3c-0a4536d75773","Yminis","Outer Rim"
"1fcfda0a-d480-4b00-a70a-780bdf3039b4","Yucrales","Mid Rim"
"b554350e-f2b8-45cf-b5e4-c0672da37904","Yushan","Mid Rim"
"b32c47fa-0b0c-4e86-bc24-106c7baece74","Zaric","Inner Rim"
"f13ab545-2fb0-4543-aa25-d478b92820d5","Zarracina","Expansion Region"
"528871a5-7aa3-406a-a2b6-5bf95d7149e4","Zeemacht Cluster","Inner Rim"
"1f2d44a2-75d6-4fe1-b133-7992d13d9fbf","Zoraster","Outer Rim"
"5a95fb60-8c99-4ddc-af9d-57bbc7b066aa","Zuma (Ablajeck)","Outer Rim"
"1d732267-aa7d-40a2-aefb-5c3bcfb1d1ea","Zuma (Fusai)","Outer Rim"
"22a831ee-089f-4cda-9ee2-94d4b3dbcc8c","Zuma (Ikenomin)","Outer Rim"
"8b2008f1-dab7-4b82-b0e3-e367161abb8e","Zuma (Kakani)","Outer Rim"
"1b3635cd-ec21-4269-a32d-f8b521537c72","Zuma (Moddell)","Outer Rim"
"34966ff1-41c5-43b8-82ef-ef2f20a6bcf7","Zuma (Spar)","Outer Rim"
"2e528f2f-f431-4ca7-b000-509c4476b6cc","Zuma (Sugai)","Outer Rim"
